Run,Event,PID1,Q1,E1,px1,py1,pz1,eta1,phi1,PID2,Q2,E2,px2,py2,pz2,eta2,phi2,PID3,Q3,E3,px3,py3,pz3,eta3,phi3,PID4,Q4,E4,px4,py4,pz4,eta4,phi4
1,144808,-13,1,42.6032,38.7788,13.6397,11.1886,0.268924,0.338215,13,-1,24.8966,-6.74233,-23.7981,-2.83235,-0.11426,-1.84688,11,-1,304.016,-218.581,48.9884,-205.544,-0.821886,2.92112,11,-1,97.9511,-46.447,28.53,81.3826,1.19087,2.59076
1,445849,13,-1,13.315,4.62072,9.43659,8.17794,0.71565,1.11545,11,-1,185.375,21.345,-58.4188,-174.629,-1.75582,-1.22049,-11,1,8.92964,1.60556,7.87544,3.89078,0.466929,1.36968,-11,1,7.47704,-0.0307941,-6.05322,4.38904,0.673081,-1.57588
1,10520,-13,1,62.8011,43.6054,22.7645,39.0425,0.727747,0.481137,11,-1,262.422,-68.0775,-7.37678,253.331,2.01914,-3.03366,11,-1,46.7522,-6.9605,-5.15393,45.943,2.3705,-2.50423,-11,1,12.3337,-1.719,-2.48241,11.9583,2.08506,-2.17645
